{
  "model_name": "all-MiniLM-L6-v2",
  "embedding_dim": 384,
  "n_candidates": 9544,
  "n_companies": 24473,
  "bilateral_fairness": 0.014505781882074123,
  "mean_match_score": 0.576166570186615,
  "coverage_pct": 96.13860172434929,
  "top_k": 10,
  "similarity_threshold": 0.5
}